{
  "cpu_field": "E:\\GMW_CPU\\results\\board_acceptance\\20260608_135515\\acceptance\\mts\\mts_3d_8x8x8_t140\\cpu_kernel_model\\field.csv",
  "fpga_field": "E:\\GMW_CPU\\results\\board_acceptance\\20260608_135515\\acceptance\\mts\\mts_3d_8x8x8_t140\\field.csv",
  "dimension": "3d",
  "shape": [
    8,
    8,
    8
  ],
  "mismatches": 0,
  "max_abs_delta_q16": 0,
  "normalized_overlap": 0.9999999999999999,
  "density_integral_cpu": 1.0024703246250792,
  "density_integral_fpga": 1.0024703246250792,
  "density_integral_relative_error": 0.0,
  "density_l1_error": 0.0,
  "density_l2_error": 0.0,
  "density_max_abs_error": 0.0,
  "peak_location_cpu": [
    0,
    0,
    0
  ],
  "peak_location_fpga": [
    0,
    0,
    0
  ],
  "peak_location_delta": 0.0,
  "center_of_mass_cpu": [
    0.0018959746426934218,
    0.0018959746426934218,
    0.0018959746426934218
  ],
  "center_of_mass_fpga": [
    0.0018959746426934218,
    0.0018959746426934218,
    0.0018959746426934218
  ],
  "center_of_mass_delta": 0.0,
  "first_mismatches": [],
  "pass": true
}