{
  "source_dir": "E:\\GMW_CPU\\results\\board_acceptance\\20260608_135515\\acceptance\\mts\\mts_3d_8x8x8_t140",
  "metric_name": "field_norm_energy_q16",
  "dimension": "mts_3d",
  "logical_shape": [
    8,
    8,
    8
  ],
  "active_points": 512,
  "particles": 1,
  "timesteps": 140,
  "cycles": 2600730,
  "wall_elapsed_s": 0.20649589999993623,
  "cycles_per_point": 5079.55078125,
  "cycles_per_point_step": 36.282505580357146,
  "density_energy_q16": 0.00034384732134640217,
  "density_l2": 0.0003437104260164079,
  "density_max": 0.0003437104169279337,
  "density_min": 0.0,
  "peak_index": 0,
  "peak_density": 0.0003437104169279337,
  "real_min": 0.0,
  "real_max": 0.0185394287109375,
  "imag_min": 0.0,
  "imag_max": 0.0,
  "kernel_contract": "a7_mts_full_physics_kernel_v2_q16",
  "kernel_contract_word": 1297371954,
  "kernel_contract_word_hex": "0x4D545332",
  "compare": {
    "pass": true,
    "mismatches": 0,
    "max_abs_delta_q16": 0,
    "normalized_overlap": 0.9999999999999999,
    "density_integral_relative_error": 0.0
  }
}