case,compare_pass,cpu_rate,flx_kernel_rate,flx_vs_cpu_kernel_ratio,flx_wall_rate,metric
vm_sum4,True,245398.76660826558,14814814.814814813,60.37037194430552,1.9827745469841414,words_per_second
sha256_nonce_scan,True,140819.40667429622,829470.5037777764,5.890313866300217,7236.157183626872,hashes_per_second
robot_grid_world_state,True,3883200.5966320545,16407626.982855313,4.225284420559123,1454.1679698918647,cell_steps_per_second
